-- MySQL dump 10.13  Distrib 5.7.24, for osx11.1 (x86_64)
--
-- Host: localhost    Database: kob
-- ------------------------------------------------------
-- Server version	9.0.0

/*!40101 SET @OLD_CHARACTER_SET_CLIENT=@@CHARACTER_SET_CLIENT */;
/*!40101 SET @OLD_CHARACTER_SET_RESULTS=@@CHARACTER_SET_RESULTS */;
/*!40101 SET @OLD_COLLATION_CONNECTION=@@COLLATION_CONNECTION */;
/*!40101 SET NAMES utf8 */;
/*!40103 SET @OLD_TIME_ZONE=@@TIME_ZONE */;
/*!40103 SET TIME_ZONE='+00:00' */;
/*!40014 SET @OLD_UNIQUE_CHECKS=@@UNIQUE_CHECKS, UNIQUE_CHECKS=0 */;
/*!40014 SET @OLD_FOREIGN_KEY_CHECKS=@@FOREIGN_KEY_CHECKS, FOREIGN_KEY_CHECKS=0 */;
/*!40101 SET @OLD_SQL_MODE=@@SQL_MODE, SQL_MODE='NO_AUTO_VALUE_ON_ZERO' */;
/*!40111 SET @OLD_SQL_NOTES=@@SQL_NOTES, SQL_NOTES=0 */;

--
-- Table structure for table `bot`
--

DROP TABLE IF EXISTS `bot`;
/*!40101 SET @saved_cs_client     = @@character_set_client */;
/*!40101 SET character_set_client = utf8 */;
CREATE TABLE `bot` (
  `id` int NOT NULL AUTO_INCREMENT,
  `user_id` int NOT NULL,
  `title` varchar(100) DEFAULT NULL,
  `description` varchar(300) DEFAULT NULL,
  `content` varchar(10000) DEFAULT NULL,
  `rating` int DEFAULT '1500',
  `createtime` datetime DEFAULT NULL,
  `modifytime` datetime DEFAULT NULL,
  `is_deleted` tinyint(1) DEFAULT '0',
  PRIMARY KEY (`id`)
) ENGINE=InnoDB AUTO_INCREMENT=17 DEFAULT CHARSET=utf8mb4 COLLATE=utf8mb4_0900_ai_ci;
/*!40101 SET character_set_client = @saved_cs_client */;

--
-- Dumping data for table `bot`
--

LOCK TABLES `bot` WRITE;
/*!40000 ALTER TABLE `bot` DISABLE KEYS */;
INSERT INTO `bot` VALUES (3,1,'Bot007','this is a test Bot','this is test code',1500,'2025-03-27 11:02:37','2025-03-27 11:02:37',0),(6,2,'Bot007','this is a test Bot','this is test code',1500,'2025-03-27 11:17:07','2025-03-28 13:05:10',1),(8,2,'new bot007','test to update content','code updatattes ',1500,'2025-03-27 11:17:29','2025-03-28 13:05:11',1),(9,2,'Bot007','this is a test Bot','this is test code',1500,'2025-03-27 12:05:20','2025-03-28 12:53:49',0),(11,2,'simply Bot','Add A + B','#inlcude <iostream>\n\nusing namespace std;\n\nint main(){\n    int a, b;\n    cin >> a >> b;\n    cout << a + b << endl;\n    return 0;\n}',1500,'2025-03-27 12:05:31','2025-03-28 12:57:35',0),(12,2,'Ybot','asdas','#Include iostream',1500,'2025-03-28 11:04:40','2025-03-28 12:51:14',1),(13,2,'BB2','das','ls kkil ',1500,'2025-03-28 11:08:18','2025-03-28 12:55:08',0),(14,2,'Bot 008','1eqawe','512512',1500,'2025-03-28 11:24:56','2025-03-28 11:24:56',0),(15,2,'977','tuyg','fu7',1500,'2025-03-28 11:33:50','2025-03-28 11:33:50',0),(16,2,'New Bot 3460','This aho','#include <iostream>',1500,'2025-03-29 12:15:57','2025-03-29 12:15:57',0);
/*!40000 ALTER TABLE `bot` ENABLE KEYS */;
UNLOCK TABLES;

--
-- Table structure for table `record`
--

DROP TABLE IF EXISTS `record`;
/*!40101 SET @saved_cs_client     = @@character_set_client */;
/*!40101 SET character_set_client = utf8 */;
CREATE TABLE `record` (
  `id` int NOT NULL AUTO_INCREMENT,
  `a_id` int DEFAULT NULL,
  `a_sx` int DEFAULT NULL,
  `a_sy` int DEFAULT NULL,
  `b_id` int DEFAULT NULL,
  `b_sx` int DEFAULT NULL,
  `b_sy` int DEFAULT NULL,
  `a_steps` varchar(1000) DEFAULT NULL,
  `b_steps` varchar(1000) DEFAULT NULL,
  `map` varchar(1000) DEFAULT NULL,
  `loser` varchar(10) DEFAULT NULL,
  `createtime` datetime DEFAULT NULL,
  PRIMARY KEY (`id`)
) ENGINE=InnoDB AUTO_INCREMENT=12 DEFAULT CHARSET=utf8mb4 COLLATE=utf8mb4_0900_ai_ci;
/*!40101 SET character_set_client = @saved_cs_client */;

--
-- Dumping data for table `record`
--

LOCK TABLES `record` WRITE;
/*!40000 ALTER TABLE `record` DISABLE KEYS */;
INSERT INTO `record` VALUES (1,2,11,1,1,1,12,'12','30','11111111111111111100000000011111000110000111000000001001100000010010011000000100100110000000000001100100100000011001001000000110010000000011100001100010011000000000100111111111111111','all','2025-03-31 19:12:16'),(2,1,11,1,2,1,12,'00','20','11111111111111100001111000011000000110000110001001000001100011000001011000001010000110000000000001100001010000011010000011000110000010010001100001000000011000010010000111111111111111','B','2025-03-31 19:12:44'),(3,2,11,1,1,1,12,'1','0','11111111111111100000100100011000101000000111000000000101100000000000011000000011001110001000010001110011000000011000000000000110100000000011100000010100011000100100000111111111111111','B','2025-03-31 19:15:47'),(4,2,11,1,1,1,12,'2','3','11111111111111101000001000011000000000001110000001000011110000100000011000000100000111000011000011100000100000011000000100001111000010000001110000000000011000010000010111111111111111','A','2025-03-31 19:16:58'),(5,1,11,1,2,1,12,'012','230','11111111111111100000000001011001000100000110100000000001101000001001011000110000010110000000000001101000001100011010010000010110000000000101100000100010011010000000000111111111111111','all','2025-03-31 19:17:13'),(6,2,11,1,1,1,12,'','','11111111111111100010100000011000010001000110000100101001100010000000111000000000100110000000000001100100000000011100000001000110010100100001100010001000011000000101000111111111111111','A','2025-03-31 21:20:02'),(7,1,11,1,2,1,12,'000113','222333','11111111111111110000000010011100010000000110000001000001100010000000011000010110000110001000010001100001101000011000000001000110000010000001100000001000111001000000001111111111111111','A','2025-03-31 21:20:21'),(8,1,11,1,2,1,12,'001111','223333','11111111111111111111100000011110001100000110000010000001101000001000011000000100000110000100100001100000100000011000010000010110000001000001100000100001011000000101001111111111111111','all','2025-03-31 21:21:04'),(9,1,11,1,2,1,12,'','','11111111111111111111001111011111100010000111110000000001110000001010111100100000000111000000000001110000000100011101010000000110000000001001100001000100011010100010000111111111111111','all','2025-03-31 21:21:18'),(10,2,11,1,1,1,12,'2','0','11111111111111110011100010011000111000000110000000000101110000000000111001000000000110000000000001100000000010011100000000001111100000000001100000010100011001000101001111111111111111','all','2025-03-31 21:21:57'),(11,1,11,1,2,1,12,'','','11111111111111100111111000011001000000010110000000000001100000000001011000000000100110011011011001100100000000011010000000000110000000000001101000000010011000010101000111111111111111','all','2025-03-31 21:25:02');
/*!40000 ALTER TABLE `record` ENABLE KEYS */;
UNLOCK TABLES;

--
-- Table structure for table `user`
--

DROP TABLE IF EXISTS `user`;
/*!40101 SET @saved_cs_client     = @@character_set_client */;
/*!40101 SET character_set_client = utf8 */;
CREATE TABLE `user` (
  `id` int NOT NULL AUTO_INCREMENT,
  `username` varchar(100) DEFAULT NULL,
  `password` varchar(100) DEFAULT NULL,
  `photo` varchar(1000) DEFAULT NULL,
  PRIMARY KEY (`id`)
) ENGINE=InnoDB AUTO_INCREMENT=8 DEFAULT CHARSET=utf8mb4 COLLATE=utf8mb4_0900_ai_ci;
/*!40101 SET character_set_client = @saved_cs_client */;

--
-- Dumping data for table `user`
--

LOCK TABLES `user` WRITE;
/*!40000 ALTER TABLE `user` DISABLE KEYS */;
INSERT INTO `user` VALUES (1,'yh','$2a$10$EbnujJEPn33fwL4tXJ5/K.Upd76kWJ7Q4pD.o.ZqAef0jRo2lml7i','https://encrypted-tbn0.gstatic.com/images?q=tbn:ANd9GcQiddgzGNCtxnFxgwDh6pMLb7ciDVH45iSYmvrCsSXj47gQ8w86pk3ww7uCC5mn7Gv-FGh8poiwvBYx3FdIH2AUSf9naY7sPDgSwacOeA'),(2,'lyl','$2a$10$Ljw2NujE8C93ufiVbNKM0u8Y6ngPg3nKQFsz3JiIlq2VWjOeX7ffu','https://platform.polygon.com/wp-content/uploads/sites/2/chorus/uploads/chorus_asset/file/23939402/5265_SeriesHeaders_OP_2000x800_wm.jpg?quality=90&strip=all&crop=17.95,0,40,100'),(3,'hyh','$2a$10$FAxasZz3xUqHwhwTbwVTdu1jGye6c7YEd8X2ehyZ2ai2epfsJCBAy','https://www.google.com/url?sa=i&url=https%3A%2F%2Fwww.pokemon.com%2Fus%2Fpokedex%2Fgengar&psig=AOvVaw2Uje3lxHZE4K2hZ6tG9nnZ&ust=1743001555428000&source=images&cd=vfe&opi=89978449&ved=0CBEQjRxqFwoTCJiemPbApYwDFQAAAAAdAAAAABAE'),(4,'gck','$2a$10$VMQs0DJCEuiU/irdEYl1NOrQaA8CJHfTWnVgCJT6RK.TPLeBd4R9C','https://www.google.com/url?sa=i&url=https%3A%2F%2Fwww.pokemon.com%2Fus%2Fpokedex%2Fgengar&psig=AOvVaw2Uje3lxHZE4K2hZ6tG9nnZ&ust=1743001555428000&source=images&cd=vfe&opi=89978449&ved=0CBEQjRxqFwoTCJiemPbApYwDFQAAAAAdAAAAABAE'),(5,'zyd','$2a$10$egTAwbrfX14FbI8NkpMsxeruMqEw5UbM3ykN5Pz5mfKrSOCVKR/Du','https://www.google.com/url?sa=i&url=https%3A%2F%2Fwww.pokemon.com%2Fus%2Fpokedex%2Fgengar&psig=AOvVaw2Uje3lxHZE4K2hZ6tG9nnZ&ust=1743001555428000&source=images&cd=vfe&opi=89978449&ved=0CBEQjRxqFwoTCJiemPbApYwDFQAAAAAdAAAAABAE'),(6,'yh2','$2a$10$ZcFM3qF70855EjBvQyIp4OnHtoQMgy54YzL7dblIs/oSaEm9AMJQy','https://www.google.com/url?sa=i&url=https%3A%2F%2Fwww.pokemon.com%2Fus%2Fpokedex%2Fgengar&psig=AOvVaw2Uje3lxHZE4K2hZ6tG9nnZ&ust=1743001555428000&source=images&cd=vfe&opi=89978449&ved=0CBEQjRxqFwoTCJiemPbApYwDFQAAAAAdAAAAABAE'),(7,'yh3','$2a$10$rbag9R2Ga.kHrp0bH5V.FOsWJ1ooHdM7WIkNVw9UJXYXOCtcb26IS','https://www.google.com/url?sa=i&url=https%3A%2F%2Fwww.pokemon.com%2Fus%2Fpokedex%2Fgengar&psig=AOvVaw2Uje3lxHZE4K2hZ6tG9nnZ&ust=1743001555428000&source=images&cd=vfe&opi=89978449&ved=0CBEQjRxqFwoTCJiemPbApYwDFQAAAAAdAAAAABAE');
/*!40000 ALTER TABLE `user` ENABLE KEYS */;
UNLOCK TABLES;
/*!40103 SET TIME_ZONE=@OLD_TIME_ZONE */;

/*!40101 SET SQL_MODE=@OLD_SQL_MODE */;
/*!40014 SET FOREIGN_KEY_CHECKS=@OLD_FOREIGN_KEY_CHECKS */;
/*!40014 SET UNIQUE_CHECKS=@OLD_UNIQUE_CHECKS */;
/*!40101 SET CHARACTER_SET_CLIENT=@OLD_CHARACTER_SET_CLIENT */;
/*!40101 SET CHARACTER_SET_RESULTS=@OLD_CHARACTER_SET_RESULTS */;
/*!40101 SET COLLATION_CONNECTION=@OLD_COLLATION_CONNECTION */;
/*!40111 SET SQL_NOTES=@OLD_SQL_NOTES */;

-- Dump completed on 2025-05-05  8:44:33
